{
	"appId": "com.missdee.carflextest",
	"appName": "CarFlex",
	"webDir": "dist",
	"ios": {
		"scheme": "carflex"
	},
	"android": {
		"scheme": "carflex"
	},
	"plugins": {
		"SplashScreen": {
			"launchShowDuration": 0,
			"launchAutoHide": false,
			"launchFadeOutDuration": 300,
			"backgroundColor": "#ffffff",
			"androidSplashResourceName": "splash",
			"androidScaleType": "CENTER_CROP",
			"showSpinner": false,
			"splashFullScreen": false,
			"splashImmersive": false
		},
		"Camera": {
			"permissions": [
				"camera",
				"photos"
			],
			"quality": 90,
			"allowEditing": true,
			"resultType": "uri"
		},
		"Geolocation": {
			"permissions": [
				"location"
			]
		},
		"PushNotifications": {
			"presentationOptions": [
				"badge",
				"sound",
				"alert"
			]
		}
	},
	"packageClassList": [
		"CAPCameraPlugin",
		"PushNotificationsPlugin",
		"SplashScreenPlugin",
		"AppTrackingTransparencyPlugin",
        "StoreKitPlugin"
	]
}
